Choice,model,API code,"Tốc độ
レスポンス","Tính năng
性能","Chi phí input / 1M token
入力費用：1 milionトークン","Test : input token quantity
/ price",Chi phí cache input / 1M token,"Chi phí output / 1M token
出力費用：1 milionトークン","Test : output token quantity
/ price",tổng chi phí input + output,"Đánh giá ( dev )
備考"
,GPT-5,gpt-5,~ 20s,HIGH,$1.25,$0.00133125,$0.125,$10.00,$0.02781000,$0.02914125,nội dung tốt 
,GPT-5 priority,,~7s,,$2.50,$20.00,,$20.00,,,
,GPT-5 mini,gpt-5-mini,~ 20s,NORMAL,$0.25,$0.00,$0.025,$2.00,$0.00407800,$0.00434425,nội dung ổn
,GPT-5 mini priority,,~10s,,$0.45,,,$3.60,,,
,GPT-5 nano,gpt-5-nano,~ 20s,LOW,$0.05,$0.00005325,$0.005,$0.40,$0.00173240,$0.00178565,nội dung trung bình
,GPT-4.1 mini,gpt-4-mini,~ 6s,中,$0.40,,$0.100,$1.60,,,GPT-5 mini mới hơn --> nếu dùng mini thì dùng GPT-5 nano
,GPT-4.1 mini priority,,~ 2s,,$0.70,$2.80,,$2.80,,,
,GPT-4.1 nano,gpt-4.1-nano,~ 2.5s,LOW,$0.10,$0.00010650,$0.025,$0.40,$0.00004760,$0.00015410,nội dung trung bình. nhưng có vấn đề với xử lý đa ngôn ngữ
,o4-mini,o4-mini,~ 12s,NORMAL,$1.10,$0.00117150,$0.275,$4.40,$0.00627880,$0.00745030,"nội dung tốt nhưng dữ liệu thường tự tạo (bịa) : sau có FB của khách
曖昧な情報を入れると適当に返信しがち"
,o4-mini priority,,6s,,$2.00,$8.00,,$8.00,,,
,4o-mini,gpt-4o-mini,~ 7s,LOW,$0.15,,,$0.60,,,khá giống GPT-4.1 nano
,4o-mini priority,,~ 4s,,$0.25,,,$1.00,,,