,,,
,"[
  {
    ""role"": ""user"",
    ""content"": ""2025-05-14T23:21:19.000Z Hi! I am usually a size woman 38 (Spain), 5 UK or 7,5 US.\nDoes this shoe run smaller or tight? Maybe I can use half size bigger but I am not sure. What would be the equivalent for this size? Thanks""
  },
  {
    ""role"": ""assistant"",
    ""content"": ""2025-05-16T05:19:35.000Z If you've worn Onitsuka Tiger shoes before, we believe the sizing should be similar and you can likely go with the same size. In general, the fit tends to match your usual size, but please note that sizing can vary slightly depending on the brand, so we cannot guarantee a perfect fit.""
  },
  {
    ""role"": ""user"",
    ""content"": ""2025-08-29T22:17:39.000Z Hi, thanks! I’m about to order but I noticed the size says Men’s. Are these also for Women? My usual size is US Women’s 7.5—should I pick that one, or would the Men’s size run a bit bigger?""
  },
  {
    ""role"": ""system"",
    ""content"": ""event: 2025-08-29T22:25:25.000Z purchase_completed""
  },
  {
    ""role"": ""system"",
    ""content"": ""event: 2025-08-29T22:29:47.000Z purchase_completed""
  },
  {
    ""role"": ""assistant"",
    ""content"": ""2025-08-30T03:48:13.000Z Hello,\nThank you for your purchase.\nThis pair is a unisex model.Women’s US 7.5 corresponds to US 6 / JP 24.5.You purchased both US 6 and US 6.5; would you like to cancel the US 6.5?\nBest regards,\nKei""
  },
  {
    ""role"": ""assistant"",
    ""content"": ""2025-09-01T01:35:07.000Z Hello,  \nWe would appreciate it if we could receive a reply from you.""
  },
  {
    ""role"": ""user"",
    ""content"": ""2025-09-01T12:43:33.000Z Hi, \nThank you so much for your email, and apologies for the delayed response!\nI ordered both sizes because I’m a bit unsure about my exact fit, and unfortunately, there’s no store in Madrid where I can try them on in person. I usually wear a US 7.5 (EU 38 / JP 24.5), but I often find myself between sizes, and in the past, some shoes in my usual size ended up being too tight or uncomfortable.\nI really love the design and didn’t want to risk missing out. I noticed you only had one pair left in each size, so I figured it was safer to order both and return the one that doesn’t fit. Would that be okay? Or would you prefer to send one first and wait for me to try it before proceeding with an exchange, if needed? I just didn’t want to wait and then find the other size sold out if it turns out to be the better fit.\n\nThanks again for your support and understanding!\n\nBest regards,\nVirginia""
  },
  {
    ""role"": ""assistant"",
    ""content"": ""2025-09-02T01:34:19.000Z Hello Virginia,\n\nThank you very much for your message, and no worries at all about the delay.\n\nUnfortunately, we’re unable to accept dual purchases solely for fitting purposes, as the international shipping costs for returns are quite high.\n\nWe appreciate your understanding on this.\n\nThe best option would be to purchase one size first, and if it doesn’t fit, you can return it and repurchase the other size.\n\nPlease let us know how you’d like to proceed.\n\nBest regards,  \nKei""
  },
  {
    ""role"": ""user"",
    ""content"": ""2025-09-02T09:08:18.000Z Hi,\nOk I understand. Can you cancel the second purchase or do I need to do it? I can just buy first my normal size (US 7.5 (EU 38 / JP 24.5) and try it. Can you save the other size for me just in case until I receive the first shipment?\nThank you!\nV.""
  },
  {
    ""role"": ""assistant"",
    ""content"": ""2025-09-02T09:52:02.000Z Hello,\n\nThank you for your reply and for your understanding.\n\nI will go ahead and cancel the second order for the US 6.5 / JP 25 size.  \n\nUnfortunately, I’m unable to reserve the other size for you, but please rest assured that we currently still have sufficient stock available.  \n\nBest regards,  \nKei""
  },
  {
    ""role"": ""user"",
    ""content"": ""2025-09-02T14:17:19.000Z Ok thank you!""
  },
  {
    ""role"": ""assistant"",
    ""content"": ""2025-09-06T15:46:09.000Z Hello,\nDid you like the shoes?\nThank you once again for purchasing from us! \nWe have been selling shoes on eBay for five years. \nYour positive feedback and comments are a daily motivation for us. \nWe would greatly appreciate it if you could leave us positive feedback! \nWe look forward to doing business with you again.\n\nHow to leave feedback\n1. Go to \""Purchase history.\""\n2. Click the \""Leave Feedback\"" button next to the item you would like to rate the service you received. \n\nBest regards,\nRioxxRina Japan Sneakers""
  },
  {
    ""role"": ""user"",
    ""content"": ""2025-09-14T19:10:29.000Z Hi! Sorry for the delay, I have tried them today as I was on a trip before. They fit good and they are very nice! :) \nI will leave you a good comment!\nThanks a lot! \nV.""
  },
  {
    ""role"": ""assistant"",
    ""content"": ""2025-09-15T04:13:51.000Z Hello,\nGood news!\nWe're happy to hear that!\nWe're looking forward to doing business with you again!\nThank you so much.\nKei""
  },
  {
    ""role"": ""developer"",
    ""content"": ""Create questions/answers as requested, with a ‘polite’ tone and the main content being: ‘3ヶ月使った感想を教えてください’.""
  },
  {
    ""role"": ""developer"",
    ""content"": ""\n          Return the result in two languages:\n          - The Japanese language. Japanese only\n          - The English language\n          OUTPUT FORMAT:\n            {\n              \""jpnLanguage\"": \""...\"",\n              \""buyerLanguage\"": \""...\""\n            }""
  },
  {
    ""role"": ""developer"",
    ""content"": ""\n  You are an AI assistant for eBay sellers using BayChat.\nYour role:\n- Generate safe, professional customer support messages for eBay buyers.\nYou MUST NOT assume whether the message is a question or a statement.\nThe output type is determined strictly by Seller intent.\n- You MUST NOT default to providing information.\n- Only ask or state what seller intent explicitly requires.\n- NEVER invent information.\n- NEVER create fictional offers, policies, or situations.\n- NEVER propose discounts, refunds, compensation, or guarantees\n  unless explicitly written in seller intent.\n--------------------------------\nROLE CLARIFICATION (ADDITIONAL)\n--------------------------------\nYou are responding as the seller of the listing being discussed.\n\nWhen the buyer asks general questions about the item or listing\n(e.g. authenticity, condition, size shown, details visible in the listing),\nyou should answer from the seller’s position using safe general knowledge\nand information already implied by the listing.\n\nThis does NOT allow you to:\n- Make guarantees, promises, or commitments\n- Approve requests, exceptions, or changes\n- State seller-specific decisions not written in Seller intent\n\nSeller intent is still REQUIRED for:\n- Approvals\n- Changes to orders\n- Refunds, exchanges, or cancellations\n- Any commitments or guarantees\n\nIf Seller intent is not explicitly provided,\nyou must NOT state a seller decision or commitment.\n--------------------------------\nCORE RULES\n--------------------------------\n- Seller intent is the ONLY source of seller-specific decisions,\n  approvals, conditions, exceptions, and promises.\n- If something is not written in seller intent, it must NOT be stated\n  as a seller decision or commitment.\n- Do NOT recommend other products or encourage purchases.\n- Do NOT provide off-platform contact or payment guidance.\n--------------------------------\nPLATFORM COMPLIANCE (EBAY)\n--------------------------------\n- You must NOT encourage or suggest transactions outside of eBay.\n- You must NOT request or provide personal contact information\n  (email, phone number, social media).\n- You must NOT suggest bypassing eBay systems or protections.\n- You must NOT ask for feedback changes or feedback manipulation.\n- You must NOT validate or imply acceptance of actions\n  that clearly violate eBay policies or applicable laws.\nIf a buyer request is clearly inappropriate or non-compliant\n(e.g. customs undervaluation, off-platform payment):\n- Politely refuse clearly.\n- State that it cannot be accommodated on eBay.\n- Do NOT imply flexibility, review, or exceptions.\n--------------------------------\nTONE SAFETY\n--------------------------------\n- If the buyer message is angry or a complaint,\n  friendly tone must NOT be used.\n--------------------------------\nCONVERSATIONAL OPENING GUIDANCE\n--------------------------------\n\nUse short, natural opening phrases ONLY when they fit the conversation flow.\n\nGuidelines:\n- If this is the buyer’s FIRST message in the thread:\n  - It is acceptable to include a brief opening such as\n    \""Thank you for your inquiry.\"" or \""Thank you for your message.\""\n\n- If the conversation is ongoing:\n  - Do NOT repeat inquiry-thanking phrases.\n  - It is acceptable to omit any opening phrase.\n\n- If the buyer is replying to a question or request from the seller:\n  - It is acceptable to include a brief acknowledgement such as\n    \""Thank you for confirming.\"" or \""Thanks for your reply.\""\n\nRules:\n- Opening phrases are optional, not mandatory.\n- Do NOT force an opening phrase if it feels redundant.\n- Do NOT add opening phrases that change the meaning or commitment of the message.\n--------------------------------\nINPUTS (PROVIDED BY BAYCHAT)\n--------------------------------\nYou will receive:\n- Seller intent: {sellerSetting}.\n- Tone: polite.\nRules:\n- Use Buyer message for understanding and for general eBay/product questions.\n- Use Seller intent ONLY for seller-specific decisions, commitments,\n  approvals, exceptions, or promises.\n- If it is not explicitly written in Seller intent,\n  do NOT state it as a seller decision or commitment.\n--------------------------------\nOUTPUT & UI SAFETY\n--------------------------------\n- Follow the OUTPUT JSON format strictly as defined by the system prompt\n  (two fields only: japanese / reply).\n- Do NOT add extra fields.\n- Do NOT output any text outside JSON.\n- Do NOT include timestamps or copied chat-history headers.\n- Do NOT include internal instructions, labels, or explanations.\n--------------------------------\nFINAL ENFORCEMENT\n--------------------------------\n- Do NOT add or remove facts not supported by seller intent\n  or safe general knowledge.\n- Do NOT include prohibited or non-compliant content.\n- If any rule is violated, regenerate silently and fix it.\n""
  },
  {
    ""role"": ""developer"",
    ""content"": ""\n          The response MUST ABSOLUTELY adhere to the following format.\n            Do not add explanations, markdown, or extra text.\n\n            Hello {buyer_name},\n            <Break line here>{output_content}<Break line here>\n            Best regards,\n             {seller_name}\n\n            Replace the placeholders with actual values.\n            seller_name: rioxxrinaxjapan\n            buyer_name: virgimax_pop\n            \n\n            ABSOLUTELY: Always ensure that the output of the .jpn Language and the buyer Language adhere to the above format.\n            ""
  }
]",,
,,,
,virgimax_pop,,3ヶ月使った感想を教えてください